id,user_name,user_email,tenant_name,action,model_type,model_id,ip_address,created_at
344,Unknown,,"Main Platform",update,"App\Modules\ERP\Models\SystemHealth",2,127.0.0.1,"2026-01-20 20:25:03"
345,Unknown,,test,update,"App\Modules\ERP\Models\SystemHealth",3,127.0.0.1,"2026-01-20 20:25:03"
342,Unknown,,"Main Platform",update,"App\Modules\ERP\Models\SystemHealth",2,127.0.0.1,"2026-01-20 20:20:03"
343,Unknown,,test,update,"App\Modules\ERP\Models\SystemHealth",3,127.0.0.1,"2026-01-20 20:20:03"
340,Unknown,,"Main Platform",update,"App\Modules\ERP\Models\SystemHealth",2,127.0.0.1,"2026-01-20 20:15:05"
341,Unknown,,test,update,"App\Modules\ERP\Models\SystemHealth",3,127.0.0.1,"2026-01-20 20:15:05"
339,"Platform Owner",admin@platform.com,"Main Platform",logout,,,127.0.0.1,"2026-01-20 20:14:40"
337,Unknown,,"Main Platform",update,"App\Modules\ERP\Models\SystemHealth",2,127.0.0.1,"2026-01-20 20:10:04"
335,Unknown,,"Main Platform",update,"App\Modules\ERP\Models\SystemHealth",2,127.0.0.1,"2026-01-20 20:05:05"
